insert into course values('A0010019','高等数学A(2)');
insert into course values('A0010025','概率统计');
insert into course values('A0010030','大学物理A(1)');
insert into course values('A0010032','大学物理实验A(1)');
insert into course values('A0010069','程序设计基础(C语言)');
insert into course values('A001008c','大学英语');
insert into course values('A0720001','材料力学');
insert into course values('A0720013','工程制图(2)');
insert into course values('A0720035','材料力学');
insert into course values('A0720036','机械原理');
insert into course values('A0720039','电气控制与PLC');
insert into course values('A0720048','汽车电器与电子控制技术');
insert into course values('A0720073','机械原理');
insert into course values('A0720089','基础德语(2)');
insert into course values('A0720091','高等数学(G)2');
insert into course values('A0730005','机械制造技术');
insert into course values('A0730007','机械制造技术实验');
insert into course values('A0730017','液压与气压传动');
insert into course values('A0730018','机电液综合实验');
insert into course values('A0730025','汽车电喷发动机原理及检修技术');
insert into course values('A0730027','汽车自动变速器原理与检修技术');
insert into course values('A0750002','工程制图测绘');
insert into course values('A0960006','德语后续课程(2)写作');
insert into course values('B0010004','思想道德修养与法律基础');
insert into course values('B0010006','毛概');
insert into course values('B0010018','高等数学A(2)');
insert into course values('B0010024','概率统计');
insert into course values('B0010029','大学物理A(1)');
insert into course values('B0010034','程序设计基础(C语言)');
insert into course values('B0390011','英语影视欣赏');
insert into course values('B0720002','工程制图(2)');
insert into course values('B0720025','材料力学');
insert into course values('B0720026','机械原理');
insert into course values('B0730008','机械电气自动化技术');
insert into course values('B0730009','液压与气动传动');
insert into course values('B0730011','机械制造技术基础');
insert into course values('B0730016','机械制造技术');
insert into course values('B0750017','工程制造技术');
insert into course values('P0010016','体育(6)-课外体育俱乐部');
insert into course values('T1000410','大学体育2(篮球)');
insert into course values('T1000412','大学体育4(篮球)');
insert into course values('T1000710','大学体育2(排球)');
insert into course values('T1000712','大学体育4(排球)');
insert into course values('T1000912','大学体育4(康复保健)');
insert into course values('T1001210','大学体育2(网球)');


insert into student(sno,sname) values('070312101','李昱辰');
insert into student(sno,sname) values('070312104','马闯');
insert into student(sno,sname) values('070312105','贲涛');
insert into student(sno,sname) values('070312106','李文豪');
insert into student(sno,sname) values('070312108','苏国庆');
insert into student(sno,sname) values('070312112','王文杰');
insert into student(sno,sname) values('070312121','尹思奇');
insert into student(sno,sname) values('070312122','陈徽');
insert into student(sno,sname) values('070312125','崔溢');
insert into student(sno,sname) values('070312127','崔永鑫');
insert into student(sno,sname) values('070312129','戴童杰');
insert into student(sno,sname) values('070312133','范秋奇');
insert into student(sno,sname) values('070312201','黄超');
insert into student(sno,sname) values('070312202','黄杰');
insert into student(sno,sname) values('070312208','刘晋');
insert into student(sno,sname) values('070312209','陆奔');
insert into student(sno,sname) values('070312211','陆维佳');
insert into student(sno,sname) values('070312212','倪铭嘉');
insert into student(sno,sname) values('070312215','钱晨');
insert into student(sno,sname) values('070312219','唐进');
insert into student(sno,sname) values('070312220','吴朝');
insert into student(sno,sname) values('070312225','杨陈力');
insert into student(sno,sname) values('070312226','叶聪');
insert into student(sno,sname) values('070312227','张天杰');
insert into student(sno,sname) values('070312228','张天夷');
insert into student(sno,sname) values('070312234','朱葛磊');
insert into student(sno,sname) values('070808105','施洪明');
insert into student(sno,sname) values('070809140','衡尧');
insert into student(sno,sname) values('070810111','顾飞');
insert into student(sno,sname) values('070811120','徐春林');
insert into student(sno,sname) values('070811207','薛天禄');
insert into student(sno,sname) values('070811234','陈振宇');
insert into student(sno,sname) values('070811237','彭杰');
insert into student(sno,sname) values('070811239','杨斌');
insert into student(sno,sname) values('070911202','李宇');
insert into student(sno,sname) values('071307112','陈清醇');
insert into student(sno,sname) values('071308111','季钎钎');
insert into student(sno,sname) values('072012130','陆颖衍');
insert into student(sno,sname) values('072110109','王翔');
insert into student(sno,sname) values('072210102','肖锐');
insert into student(sno,sname) values('072210138','张浩');
insert into student(sno,sname) values('072210226','赵颂');
insert into student(sno,sname) values('072210232','陈强');
insert into student(sno,sname) values('072211121','陈志松');
insert into student(sno,sname) values('072211226','李灵杰');
insert into student(sno,sname) values('072211227','孙晓宇');
insert into student(sno,sname) values('072212126','张建华');
insert into student(sno,sname) values('072311106','朱一彬');
insert into student(sno,sname) values('072612134','邵蒙杰');
insert into student(sno,sname) values('Y06410206','杨琦锋');
insert into student(sno,sname) values('Y06410208','韩立洋');
insert into student(sno,sname) values('Y06411109','郭佳祺');
insert into student(sno,sname) values('Y06411117','王玉杰');
insert into student(sno,sname) values('Y06411118','张诗诗');
insert into student(sno,sname) values('Y06411126','赵巧华');
insert into student(sno,sname) values('Y06411135','邹逸麟');
insert into student(sno,sname) values('Y06411209','沈俊刚');
insert into student(sno,sname) values('Y06511118','鞠久龙');
insert into student(sno,sname) values('Y06511130','张磊');
insert into student(sno,sname) values('Y06612123','解益东');
insert into student(sno,sname) values('Y06612124','李浩然');
insert into student(sno,sname) values('Y06612126','袁洋');
insert into student(sno,sname) values('Y06612132','张锦冰');
insert into student(sno,sname) values('Y06612136','朱宏凯');
insert into student(sno,sname) values('Y06612202','谈传发');
insert into student(sno,sname) values('Y06612203','童瑞鑫');
insert into student(sno,sname) values('Y06612211','夏旭晨');
insert into student(sno,sname) values('Y06612216','胡鹏');
insert into student(sno,sname) values('Y06612222','沈南坤');
insert into student(sno,sname) values('Y06612223','许士成');
insert into student(sno,sname) values('Y06612225','曹峰');
insert into student(sno,sname) values('Y06612234','黄志坚');
insert into student(sno,sname) values('YZ0212130','王佑涛');
insert into student values('000000000','admin','admin')
update student set spassw = sno
commit
delete from studentinfo
delete from student where sno != '000000000'
delete from course
delete from testinfo

insert into studentinfo(sno,cno) values('070312101','A0010019');
insert into studentinfo(sno,cno) values('070312105','A0010019');
insert into studentinfo(sno,cno) values('070312108','A0010019');
insert into studentinfo(sno,cno) values('070312112','A0010019');
insert into studentinfo(sno,cno) values('070312121','A0010019');
insert into studentinfo(sno,cno) values('070312122','A0010019');
insert into studentinfo(sno,cno) values('070312125','A0010019');
insert into studentinfo(sno,cno) values('070312129','A0010019');
insert into studentinfo(sno,cno) values('070312202','A0010019');
insert into studentinfo(sno,cno) values('070312211','A0010019');
insert into studentinfo(sno,cno) values('070312220','A0010019');
insert into studentinfo(sno,cno) values('070312226','A0010019');
insert into studentinfo(sno,cno) values('070312227','A0010019');
insert into studentinfo(sno,cno) values('072110109','A0010019');
insert into studentinfo(sno,cno) values('072210102','A0010019');
insert into studentinfo(sno,cno) values('072211226','A0010019');
insert into studentinfo(sno,cno) values('070811239','A0010025');
insert into studentinfo(sno,cno) values('070911202','A0010025');
insert into studentinfo(sno,cno) values('072211121','A0010025');
insert into studentinfo(sno,cno) values('070312101','A0010030');
insert into studentinfo(sno,cno) values('070312105','A0010030');
insert into studentinfo(sno,cno) values('070312122','A0010030');
insert into studentinfo(sno,cno) values('070312127','A0010030');
insert into studentinfo(sno,cno) values('070312129','A0010030');
insert into studentinfo(sno,cno) values('070312208','A0010030');
insert into studentinfo(sno,cno) values('070312211','A0010030');
insert into studentinfo(sno,cno) values('070312215','A0010030');
insert into studentinfo(sno,cno) values('070312227','A0010030');
insert into studentinfo(sno,cno) values('070312101','A0010032');
insert into studentinfo(sno,cno) values('070312106','A0010032');
insert into studentinfo(sno,cno) values('070312122','A0010032');
insert into studentinfo(sno,cno) values('070312127','A0010032');
insert into studentinfo(sno,cno) values('070312202','A0010032');
insert into studentinfo(sno,cno) values('070312208','A0010032');
insert into studentinfo(sno,cno) values('070312220','A0010032');
insert into studentinfo(sno,cno) values('070312234','A0010032');
insert into studentinfo(sno,cno) values('070312101','A0010069');
insert into studentinfo(sno,cno) values('070312104','A0010069');
insert into studentinfo(sno,cno) values('070312105','A0010069');
insert into studentinfo(sno,cno) values('070312121','A0010069');
insert into studentinfo(sno,cno) values('070312122','A0010069');
insert into studentinfo(sno,cno) values('070312129','A0010069');
insert into studentinfo(sno,cno) values('070312133','A0010069');
insert into studentinfo(sno,cno) values('070312201','A0010069');
insert into studentinfo(sno,cno) values('070312202','A0010069');
insert into studentinfo(sno,cno) values('070312208','A0010069');
insert into studentinfo(sno,cno) values('070312209','A0010069');
insert into studentinfo(sno,cno) values('070312211','A0010069');
insert into studentinfo(sno,cno) values('070312219','A0010069');
insert into studentinfo(sno,cno) values('070312220','A0010069');
insert into studentinfo(sno,cno) values('070312225','A0010069');
insert into studentinfo(sno,cno) values('070312226','A0010069');
insert into studentinfo(sno,cno) values('070312227','A0010069');
insert into studentinfo(sno,cno) values('070312228','A0010069');
insert into studentinfo(sno,cno) values('072012130','A0010069');
insert into studentinfo(sno,cno) values('072212126','A0010069');
insert into studentinfo(sno,cno) values('070312101','A001008c');
insert into studentinfo(sno,cno) values('070312201','A001008c');
insert into studentinfo(sno,cno) values('072110109','A0720001');
insert into studentinfo(sno,cno) values('070312219','A0720013');
insert into studentinfo(sno,cno) values('072110109','A0720013');
insert into studentinfo(sno,cno) values('070811120','A0720035');
insert into studentinfo(sno,cno) values('072211121','A0720035');
insert into studentinfo(sno,cno) values('072211227','A0720035');
insert into studentinfo(sno,cno) values('070811120','A0720035');
insert into studentinfo(sno,cno) values('070811207','A0720035');
insert into studentinfo(sno,cno) values('070811237','A0720035');
insert into studentinfo(sno,cno) values('070810111','A0720039');
insert into studentinfo(sno,cno) values('072210102','A0720039');
insert into studentinfo(sno,cno) values('072210138','A0720039');
insert into studentinfo(sno,cno) values('072210226','A0720039');
insert into studentinfo(sno,cno) values('071308111','A0720048');
insert into studentinfo(sno,cno) values('070811234','A0720073');
insert into studentinfo(sno,cno) values('072311106','A0720089');
insert into studentinfo(sno,cno) values('072612134','A0720091');
insert into studentinfo(sno,cno) values('070810111','A0730005');
insert into studentinfo(sno,cno) values('072210138','A0730005');
insert into studentinfo(sno,cno) values('072210226','A0730005');
insert into studentinfo(sno,cno) values('070810111','A0730007');
insert into studentinfo(sno,cno) values('070810111','A0730017');
insert into studentinfo(sno,cno) values('072210138','A0730017');
insert into studentinfo(sno,cno) values('072210226','A0730017');
insert into studentinfo(sno,cno) values('072210232','A0730017');
insert into studentinfo(sno,cno) values('070810111','A0730018');
insert into studentinfo(sno,cno) values('071308111','A0730025');
insert into studentinfo(sno,cno) values('071308111','A0730027');
insert into studentinfo(sno,cno) values('070312127','A0750002');
insert into studentinfo(sno,cno) values('070312211','A0750002');
insert into studentinfo(sno,cno) values('070312212','A0750002');
insert into studentinfo(sno,cno) values('072110109','A0960006');
insert into studentinfo(sno,cno) values('Y06511118','B0010004');
insert into studentinfo(sno,cno) values('Y06411126','B0010006');
insert into studentinfo(sno,cno) values('Y06411117','B0010018');
insert into studentinfo(sno,cno) values('Y06411126','B0010018');
insert into studentinfo(sno,cno) values('Y06411135','B0010018');
insert into studentinfo(sno,cno) values('Y06411209','B0010018');
insert into studentinfo(sno,cno) values('Y06612124','B0010018');
insert into studentinfo(sno,cno) values('Y06612126','B0010018');
insert into studentinfo(sno,cno) values('Y06612136','B0010018');
insert into studentinfo(sno,cno) values('Y06612203','B0010018');
insert into studentinfo(sno,cno) values('Y06612234','B0010018');
insert into studentinfo(sno,cno) values('Y06411117','B0010024');
insert into studentinfo(sno,cno) values('Y06411118','B0010024');
insert into studentinfo(sno,cno) values('Y06411126','B0010024');
insert into studentinfo(sno,cno) values('Y06411135','B0010024');
insert into studentinfo(sno,cno) values('Y06511130','B0010024');
insert into studentinfo(sno,cno) values('Y06612202','B0010029');
insert into studentinfo(sno,cno) values('Y06612203','B0010029');
insert into studentinfo(sno,cno) values('Y06612216','B0010029');
insert into studentinfo(sno,cno) values('Y06612222','B0010029');
insert into studentinfo(sno,cno) values('Y06612223','B0010029');
insert into studentinfo(sno,cno) values('Y06612225','B0010029');
insert into studentinfo(sno,cno) values('Y06612123','B0010034');
insert into studentinfo(sno,cno) values('Y06612136','B0010034');
insert into studentinfo(sno,cno) values('Y06612203','B0010034');
insert into studentinfo(sno,cno) values('Y06612211','B0010034');
insert into studentinfo(sno,cno) values('Y06411126','B0390011');
insert into studentinfo(sno,cno) values('Y06410208','B0720002');
insert into studentinfo(sno,cno) values('Y06411109','B0720002');
insert into studentinfo(sno,cno) values('Y06411117','B0720002');
insert into studentinfo(sno,cno) values('Y06411126','B0720002');
insert into studentinfo(sno,cno) values('Y06511118','B0720002');
insert into studentinfo(sno,cno) values('Y06612126','B0720002');
insert into studentinfo(sno,cno) values('Y06511118','B0720025');
insert into studentinfo(sno,cno) values('Y06511130','B0720026');
insert into studentinfo(sno,cno) values('Y06410206','B0730008');
insert into studentinfo(sno,cno) values('Y06410206','B0730009');
insert into studentinfo(sno,cno) values('Y06410206','B0730011');
insert into studentinfo(sno,cno) values('YZ0212130','B0730016');
insert into studentinfo(sno,cno) values('Y06511118','B0750017');
insert into studentinfo(sno,cno) values('Y06612124','B0750017');
insert into studentinfo(sno,cno) values('Y06612132','B0750017');
insert into studentinfo(sno,cno) values('071308111','P0010016');
--insert into studentinfo(sno,cno) values('070808105','P0051050');
--insert into studentinfo(sno,cno) values('070310106','T1000410');
--insert into studentinfo(sno,cno) values('070811117','T1000912');
insert into studentinfo(sno,cno) values('Y06411126','T1000412');
insert into studentinfo(sno,cno) values('070312219','T1000710');
insert into studentinfo(sno,cno) values('Y06411117','T1000712');

insert into studentinfo(sno,cno) values('070312202','T1001210');
insert into studentinfo(sno,cno) values('070312220','T1001210');





insert into floors values('S2','101');
insert into floors values('S2','102');
insert into floors values('S2','103');
insert into floors values('S2','104');
insert into floors values('S2','105');
insert into floors values('S2','106');
insert into floors values('S2','107');
insert into floors values('S2','108');
insert into floors values('S2','109');
insert into floors values('S2','110');
insert into floors values('S2','112');
insert into floors values('S2','113');
insert into floors values('S2','201');
insert into floors values('S2','202');
insert into floors values('S2','203');
insert into floors values('S2','204');
insert into floors values('S2','205');
insert into floors values('S2','206');
insert into floors values('S2','207');
insert into floors values('S2','208');
insert into floors values('S2','209');
insert into floors values('S2','210');
insert into floors values('S2','212');
insert into floors values('S2','213');

insert into floors values('S3','101');
insert into floors values('S3','102');
insert into floors values('S3','103');
insert into floors values('S3','104');
insert into floors values('S3','105');
insert into floors values('S3','106');
insert into floors values('S3','107');
insert into floors values('S3','108');
insert into floors values('S3','109');
insert into floors values('S3','110');
insert into floors values('S3','112');
insert into floors values('S3','113');
insert into floors values('S3','201');
insert into floors values('S3','202');
insert into floors values('S3','203');
insert into floors values('S3','204');
insert into floors values('S3','205');
insert into floors values('S3','206');
insert into floors values('S3','207');
insert into floors values('S3','208');
insert into floors values('S3','209');
insert into floors values('S3','210');
insert into floors values('S3','212');
insert into floors values('S3','213');

insert into floors values('S4','',1);
insert into floors values('S5','',1);
insert into floors values('N1','',0);
insert into floors values('N2','',0);
insert into floors values('N3','',1);
insert into floors values('N4','',1);
insert into floors values('N4','101');
insert into floors values('N4','102');
insert into floors values('N4','103');
insert into floors values('N4','104');
insert into floors values('N4','105');
insert into floors values('N4','201');
insert into floors values('N4','202');
insert into floors values('N4','203');
insert into floors values('N4','204');
insert into floors values('N4','205');

insert into floors values('N5','',1);
insert into floors values('N5','101');
insert into floors values('N5','102');
insert into floors values('N5','103');
insert into floors values('N5','104');
insert into floors values('N5','105');
insert into floors values('N5','201');
insert into floors values('N5','202');
insert into floors values('N5','203');
insert into floors values('N5','204');
insert into floors values('N5','205');

insert into floors values('N6','');

